function_name,code,label,cwe_id,cwe_description,vulnerability_type,file_path,variant,sub_variant
CWE667_Improper_Locking__basic_07_bad,"void CWE667_Improper_Locking__basic_07_bad()
{
    if(staticFive==5)
    {
        {
            static stdThreadLock badLock = NULL;
            printLine(""Creating lock..."");
            if (!stdThreadLockCreate(&badLock))
            {
                printLine(""Could not create lock"");
                exit(1);
            }",bad,CWE-667,Improper Locking,Improper Locking,/home/tharindu/academic/7th/advance ai/2017-10-01-juliet-test-suite-for-c-cplusplus-v1-3/C/testcases/CWE667_Improper_Locking/CWE667_Improper_Locking__basic_07.c,07,bad
good1,"static void good1()
{
    if(staticFive!=5)
    {
        /* INCIDENTAL: CWE 561 Dead Code, the code below will never run */
        printLine(""Benign, fixed string"");
    }",good,,,,/home/tharindu/academic/7th/advance ai/2017-10-01-juliet-test-suite-for-c-cplusplus-v1-3/C/testcases/CWE667_Improper_Locking/CWE667_Improper_Locking__basic_07.c,07,good
good2,"static void good2()
{
    if(staticFive==5)
    {
        {
            static stdThreadLock goodLock = NULL;
            printLine(""Creating lock..."");
            if (!stdThreadLockCreate(&goodLock))
            {
                printLine(""Could not create lock"");
                exit(1);
            }",good,,,,/home/tharindu/academic/7th/advance ai/2017-10-01-juliet-test-suite-for-c-cplusplus-v1-3/C/testcases/CWE667_Improper_Locking/CWE667_Improper_Locking__basic_07.c,07,good
CWE667_Improper_Locking__basic_07_good,"void CWE667_Improper_Locking__basic_07_good()
{
    good1();
    good2();
}",good,,,,/home/tharindu/academic/7th/advance ai/2017-10-01-juliet-test-suite-for-c-cplusplus-v1-3/C/testcases/CWE667_Improper_Locking/CWE667_Improper_Locking__basic_07.c,07,good
CWE667_Improper_Locking__basic_03_bad,"void CWE667_Improper_Locking__basic_03_bad()
{
    if(5==5)
    {
        {
            static stdThreadLock badLock = NULL;
            printLine(""Creating lock..."");
            if (!stdThreadLockCreate(&badLock))
            {
                printLine(""Could not create lock"");
                exit(1);
            }",bad,CWE-667,Improper Locking,Improper Locking,/home/tharindu/academic/7th/advance ai/2017-10-01-juliet-test-suite-for-c-cplusplus-v1-3/C/testcases/CWE667_Improper_Locking/CWE667_Improper_Locking__basic_03.c,03,bad
good1,"static void good1()
{
    if(5!=5)
    {
        /* INCIDENTAL: CWE 561 Dead Code, the code below will never run */
        printLine(""Benign, fixed string"");
    }",good,,,,/home/tharindu/academic/7th/advance ai/2017-10-01-juliet-test-suite-for-c-cplusplus-v1-3/C/testcases/CWE667_Improper_Locking/CWE667_Improper_Locking__basic_03.c,03,good
good2,"static void good2()
{
    if(5==5)
    {
        {
            static stdThreadLock goodLock = NULL;
            printLine(""Creating lock..."");
            if (!stdThreadLockCreate(&goodLock))
            {
                printLine(""Could not create lock"");
                exit(1);
            }",good,,,,/home/tharindu/academic/7th/advance ai/2017-10-01-juliet-test-suite-for-c-cplusplus-v1-3/C/testcases/CWE667_Improper_Locking/CWE667_Improper_Locking__basic_03.c,03,good
CWE667_Improper_Locking__basic_03_good,"void CWE667_Improper_Locking__basic_03_good()
{
    good1();
    good2();
}",good,,,,/home/tharindu/academic/7th/advance ai/2017-10-01-juliet-test-suite-for-c-cplusplus-v1-3/C/testcases/CWE667_Improper_Locking/CWE667_Improper_Locking__basic_03.c,03,good
CWE667_Improper_Locking__basic_13_bad,"void CWE667_Improper_Locking__basic_13_bad()
{
    if(GLOBAL_CONST_FIVE==5)
    {
        {
            static stdThreadLock badLock = NULL;
            printLine(""Creating lock..."");
            if (!stdThreadLockCreate(&badLock))
            {
                printLine(""Could not create lock"");
                exit(1);
            }",bad,CWE-667,Improper Locking,Improper Locking,/home/tharindu/academic/7th/advance ai/2017-10-01-juliet-test-suite-for-c-cplusplus-v1-3/C/testcases/CWE667_Improper_Locking/CWE667_Improper_Locking__basic_13.c,13,bad
good1,"static void good1()
{
    if(GLOBAL_CONST_FIVE!=5)
    {
        /* INCIDENTAL: CWE 561 Dead Code, the code below will never run */
        printLine(""Benign, fixed string"");
    }",good,,,,/home/tharindu/academic/7th/advance ai/2017-10-01-juliet-test-suite-for-c-cplusplus-v1-3/C/testcases/CWE667_Improper_Locking/CWE667_Improper_Locking__basic_13.c,13,good
good2,"static void good2()
{
    if(GLOBAL_CONST_FIVE==5)
    {
        {
            static stdThreadLock goodLock = NULL;
            printLine(""Creating lock..."");
            if (!stdThreadLockCreate(&goodLock))
            {
                printLine(""Could not create lock"");
                exit(1);
            }",good,,,,/home/tharindu/academic/7th/advance ai/2017-10-01-juliet-test-suite-for-c-cplusplus-v1-3/C/testcases/CWE667_Improper_Locking/CWE667_Improper_Locking__basic_13.c,13,good
CWE667_Improper_Locking__basic_13_good,"void CWE667_Improper_Locking__basic_13_good()
{
    good1();
    good2();
}",good,,,,/home/tharindu/academic/7th/advance ai/2017-10-01-juliet-test-suite-for-c-cplusplus-v1-3/C/testcases/CWE667_Improper_Locking/CWE667_Improper_Locking__basic_13.c,13,good
CWE667_Improper_Locking__basic_16_bad,"void CWE667_Improper_Locking__basic_16_bad()
{
    while(1)
    {
        {
            static stdThreadLock badLock = NULL;
            printLine(""Creating lock..."");
            if (!stdThreadLockCreate(&badLock))
            {
                printLine(""Could not create lock"");
                exit(1);
            }",bad,CWE-667,Improper Locking,Improper Locking,/home/tharindu/academic/7th/advance ai/2017-10-01-juliet-test-suite-for-c-cplusplus-v1-3/C/testcases/CWE667_Improper_Locking/CWE667_Improper_Locking__basic_16.c,16,bad
good1,"static void good1()
{
    while(1)
    {
        {
            static stdThreadLock goodLock = NULL;
            printLine(""Creating lock..."");
            if (!stdThreadLockCreate(&goodLock))
            {
                printLine(""Could not create lock"");
                exit(1);
            }",good,,,,/home/tharindu/academic/7th/advance ai/2017-10-01-juliet-test-suite-for-c-cplusplus-v1-3/C/testcases/CWE667_Improper_Locking/CWE667_Improper_Locking__basic_16.c,16,good
CWE667_Improper_Locking__basic_16_good,"void CWE667_Improper_Locking__basic_16_good()
{
    good1();
}",good,,,,/home/tharindu/academic/7th/advance ai/2017-10-01-juliet-test-suite-for-c-cplusplus-v1-3/C/testcases/CWE667_Improper_Locking/CWE667_Improper_Locking__basic_16.c,16,good
CWE667_Improper_Locking__basic_17_bad,"void CWE667_Improper_Locking__basic_17_bad()
{
    int j;
    for(j = 0; j < 1; j++)
    {
        {
            static stdThreadLock badLock = NULL;
            printLine(""Creating lock..."");
            if (!stdThreadLockCreate(&badLock))
            {
                printLine(""Could not create lock"");
                exit(1);
            }",bad,CWE-667,Improper Locking,Improper Locking,/home/tharindu/academic/7th/advance ai/2017-10-01-juliet-test-suite-for-c-cplusplus-v1-3/C/testcases/CWE667_Improper_Locking/CWE667_Improper_Locking__basic_17.c,17,bad
good1,"static void good1()
{
    int k;
    for(k = 0; k < 1; k++)
    {
        {
            static stdThreadLock goodLock = NULL;
            printLine(""Creating lock..."");
            if (!stdThreadLockCreate(&goodLock))
            {
                printLine(""Could not create lock"");
                exit(1);
            }",good,,,,/home/tharindu/academic/7th/advance ai/2017-10-01-juliet-test-suite-for-c-cplusplus-v1-3/C/testcases/CWE667_Improper_Locking/CWE667_Improper_Locking__basic_17.c,17,good
CWE667_Improper_Locking__basic_17_good,"void CWE667_Improper_Locking__basic_17_good()
{
    good1();
}",good,,,,/home/tharindu/academic/7th/advance ai/2017-10-01-juliet-test-suite-for-c-cplusplus-v1-3/C/testcases/CWE667_Improper_Locking/CWE667_Improper_Locking__basic_17.c,17,good
CWE667_Improper_Locking__basic_11_bad,"void CWE667_Improper_Locking__basic_11_bad()
{
    if(globalReturnsTrue())
    {
        {
            static stdThreadLock badLock = NULL;
            printLine(""Creating lock..."");
            if (!stdThreadLockCreate(&badLock))
            {
                printLine(""Could not create lock"");
                exit(1);
            }",bad,CWE-667,Improper Locking,Improper Locking,/home/tharindu/academic/7th/advance ai/2017-10-01-juliet-test-suite-for-c-cplusplus-v1-3/C/testcases/CWE667_Improper_Locking/CWE667_Improper_Locking__basic_11.c,11,bad
good1,"static void good1()
{
    if(globalReturnsFalse())
    {
        /* INCIDENTAL: CWE 561 Dead Code, the code below will never run */
        printLine(""Benign, fixed string"");
    }",good,,,,/home/tharindu/academic/7th/advance ai/2017-10-01-juliet-test-suite-for-c-cplusplus-v1-3/C/testcases/CWE667_Improper_Locking/CWE667_Improper_Locking__basic_11.c,11,good
good2,"static void good2()
{
    if(globalReturnsTrue())
    {
        {
            static stdThreadLock goodLock = NULL;
            printLine(""Creating lock..."");
            if (!stdThreadLockCreate(&goodLock))
            {
                printLine(""Could not create lock"");
                exit(1);
            }",good,,,,/home/tharindu/academic/7th/advance ai/2017-10-01-juliet-test-suite-for-c-cplusplus-v1-3/C/testcases/CWE667_Improper_Locking/CWE667_Improper_Locking__basic_11.c,11,good
CWE667_Improper_Locking__basic_11_good,"void CWE667_Improper_Locking__basic_11_good()
{
    good1();
    good2();
}",good,,,,/home/tharindu/academic/7th/advance ai/2017-10-01-juliet-test-suite-for-c-cplusplus-v1-3/C/testcases/CWE667_Improper_Locking/CWE667_Improper_Locking__basic_11.c,11,good
CWE667_Improper_Locking__basic_08_bad,"void CWE667_Improper_Locking__basic_08_bad()
{
    if(staticReturnsTrue())
    {
        {
            static stdThreadLock badLock = NULL;
            printLine(""Creating lock..."");
            if (!stdThreadLockCreate(&badLock))
            {
                printLine(""Could not create lock"");
                exit(1);
            }",bad,CWE-667,Improper Locking,Improper Locking,/home/tharindu/academic/7th/advance ai/2017-10-01-juliet-test-suite-for-c-cplusplus-v1-3/C/testcases/CWE667_Improper_Locking/CWE667_Improper_Locking__basic_08.c,08,bad
good1,"static void good1()
{
    if(staticReturnsFalse())
    {
        /* INCIDENTAL: CWE 561 Dead Code, the code below will never run */
        printLine(""Benign, fixed string"");
    }",good,,,,/home/tharindu/academic/7th/advance ai/2017-10-01-juliet-test-suite-for-c-cplusplus-v1-3/C/testcases/CWE667_Improper_Locking/CWE667_Improper_Locking__basic_08.c,08,good
good2,"static void good2()
{
    if(staticReturnsTrue())
    {
        {
            static stdThreadLock goodLock = NULL;
            printLine(""Creating lock..."");
            if (!stdThreadLockCreate(&goodLock))
            {
                printLine(""Could not create lock"");
                exit(1);
            }",good,,,,/home/tharindu/academic/7th/advance ai/2017-10-01-juliet-test-suite-for-c-cplusplus-v1-3/C/testcases/CWE667_Improper_Locking/CWE667_Improper_Locking__basic_08.c,08,good
CWE667_Improper_Locking__basic_08_good,"void CWE667_Improper_Locking__basic_08_good()
{
    good1();
    good2();
}",good,,,,/home/tharindu/academic/7th/advance ai/2017-10-01-juliet-test-suite-for-c-cplusplus-v1-3/C/testcases/CWE667_Improper_Locking/CWE667_Improper_Locking__basic_08.c,08,good
CWE667_Improper_Locking__basic_01_bad,"void CWE667_Improper_Locking__basic_01_bad()
{
    {
        static stdThreadLock badLock = NULL;
        printLine(""Creating lock..."");
        if (!stdThreadLockCreate(&badLock))
        {
            printLine(""Could not create lock"");
            exit(1);
        }",bad,CWE-667,Improper Locking,Improper Locking,/home/tharindu/academic/7th/advance ai/2017-10-01-juliet-test-suite-for-c-cplusplus-v1-3/C/testcases/CWE667_Improper_Locking/CWE667_Improper_Locking__basic_01.c,01,bad
good1,"static void good1()
{
    {
        static stdThreadLock goodLock = NULL;
        printLine(""Creating lock..."");
        if (!stdThreadLockCreate(&goodLock))
        {
            printLine(""Could not create lock"");
            exit(1);
        }",good,,,,/home/tharindu/academic/7th/advance ai/2017-10-01-juliet-test-suite-for-c-cplusplus-v1-3/C/testcases/CWE667_Improper_Locking/CWE667_Improper_Locking__basic_01.c,01,good
CWE667_Improper_Locking__basic_01_good,"void CWE667_Improper_Locking__basic_01_good()
{
    good1();
}",good,,,,/home/tharindu/academic/7th/advance ai/2017-10-01-juliet-test-suite-for-c-cplusplus-v1-3/C/testcases/CWE667_Improper_Locking/CWE667_Improper_Locking__basic_01.c,01,good
CWE667_Improper_Locking__basic_09_bad,"void CWE667_Improper_Locking__basic_09_bad()
{
    if(GLOBAL_CONST_TRUE)
    {
        {
            static stdThreadLock badLock = NULL;
            printLine(""Creating lock..."");
            if (!stdThreadLockCreate(&badLock))
            {
                printLine(""Could not create lock"");
                exit(1);
            }",bad,CWE-667,Improper Locking,Improper Locking,/home/tharindu/academic/7th/advance ai/2017-10-01-juliet-test-suite-for-c-cplusplus-v1-3/C/testcases/CWE667_Improper_Locking/CWE667_Improper_Locking__basic_09.c,09,bad
good1,"static void good1()
{
    if(GLOBAL_CONST_FALSE)
    {
        /* INCIDENTAL: CWE 561 Dead Code, the code below will never run */
        printLine(""Benign, fixed string"");
    }",good,,,,/home/tharindu/academic/7th/advance ai/2017-10-01-juliet-test-suite-for-c-cplusplus-v1-3/C/testcases/CWE667_Improper_Locking/CWE667_Improper_Locking__basic_09.c,09,good
good2,"static void good2()
{
    if(GLOBAL_CONST_TRUE)
    {
        {
            static stdThreadLock goodLock = NULL;
            printLine(""Creating lock..."");
            if (!stdThreadLockCreate(&goodLock))
            {
                printLine(""Could not create lock"");
                exit(1);
            }",good,,,,/home/tharindu/academic/7th/advance ai/2017-10-01-juliet-test-suite-for-c-cplusplus-v1-3/C/testcases/CWE667_Improper_Locking/CWE667_Improper_Locking__basic_09.c,09,good
CWE667_Improper_Locking__basic_09_good,"void CWE667_Improper_Locking__basic_09_good()
{
    good1();
    good2();
}",good,,,,/home/tharindu/academic/7th/advance ai/2017-10-01-juliet-test-suite-for-c-cplusplus-v1-3/C/testcases/CWE667_Improper_Locking/CWE667_Improper_Locking__basic_09.c,09,good
CWE667_Improper_Locking__basic_12_bad,"void CWE667_Improper_Locking__basic_12_bad()
{
    if(globalReturnsTrueOrFalse())
    {
        {
            static stdThreadLock badLock = NULL;
            printLine(""Creating lock..."");
            if (!stdThreadLockCreate(&badLock))
            {
                printLine(""Could not create lock"");
                exit(1);
            }",bad,CWE-667,Improper Locking,Improper Locking,/home/tharindu/academic/7th/advance ai/2017-10-01-juliet-test-suite-for-c-cplusplus-v1-3/C/testcases/CWE667_Improper_Locking/CWE667_Improper_Locking__basic_12.c,12,bad
good1,"static void good1()
{
    if(globalReturnsTrueOrFalse())
    {
        {
            static stdThreadLock goodLock = NULL;
            printLine(""Creating lock..."");
            if (!stdThreadLockCreate(&goodLock))
            {
                printLine(""Could not create lock"");
                exit(1);
            }",good,,,,/home/tharindu/academic/7th/advance ai/2017-10-01-juliet-test-suite-for-c-cplusplus-v1-3/C/testcases/CWE667_Improper_Locking/CWE667_Improper_Locking__basic_12.c,12,good
CWE667_Improper_Locking__basic_12_good,"void CWE667_Improper_Locking__basic_12_good()
{
    good1();
}",good,,,,/home/tharindu/academic/7th/advance ai/2017-10-01-juliet-test-suite-for-c-cplusplus-v1-3/C/testcases/CWE667_Improper_Locking/CWE667_Improper_Locking__basic_12.c,12,good
